{"cameraMode":{"drawMode":0,"name":"Shaded","section":"Shading Mode"},"sceneLighting":true,"audioPlay":false,"sceneViewState":{"m_AlwaysRefresh":false,"showFog":true,"showSkybox":true,"showFlares":true,"showImageEffects":true,"showParticleSystems":true,"showVisualEffectGraphs":true,"m_FxEnabled":true},"in2DMode":false,"pivot":{"x":352.40447998046877,"y":55.90050506591797,"z":717.9403686523438},"rotation":{"x":0.048712991178035739,"y":-0.4299984872341156,"z":0.02324448898434639,"w":0.9012199640274048},"size":2.7018685340881349,"orthographic":false}